[{"pk": 1, "model": "carreteras.estado", "fields": {"nombre": "AGUASCALIENTES"}}, {"pk": 2, "model": "carreteras.estado", "fields": {"nombre": "BAJA CALIFORNIA"}}, {"pk": 3, "model": "carreteras.estado", "fields": {"nombre": "BAJA CALIFORNIA SUR"}}, {"pk": 4, "model": "carreteras.estado", "fields": {"nombre": "CAMPECHE"}}, {"pk": 5, "model": "carreteras.estado", "fields": {"nombre": "COAHUILA"}}, {"pk": 6, "model": "carreteras.estado", "fields": {"nombre": "COLIMA"}}, {"pk": 7, "model": "carreteras.estado", "fields": {"nombre": "CHIAPAS"}}, {"pk": 8, "model": "carreteras.estado", "fields": {"nombre": "CHIHUAHUA"}}, {"pk": 9, "model": "carreteras.estado", "fields": {"nombre": "DISTRITO FEDERAL"}}, {"pk": 10, "model": "carreteras.estado", "fields": {"nombre": "DURANGO"}}, {"pk": 11, "model": "carreteras.estado", "fields": {"nombre": "GUANAJUATO"}}, {"pk": 12, "model": "carreteras.estado", "fields": {"nombre": "GUERRERO"}}, {"pk": 13, "model": "carreteras.estado", "fields": {"nombre": "HIDALGO"}}, {"pk": 14, "model": "carreteras.estado", "fields": {"nombre": "JALISCO"}}, {"pk": 15, "model": "carreteras.estado", "fields": {"nombre": "MEXICO"}}, {"pk": 16, "model": "carreteras.estado", "fields": {"nombre": "MICHOACAN"}}, {"pk": 17, "model": "carreteras.estado", "fields": {"nombre": "MORELOS"}}, {"pk": 18, "model": "carreteras.estado", "fields": {"nombre": "NAYARIT"}}, {"pk": 19, "model": "carreteras.estado", "fields": {"nombre": "NUEVO LEON"}}, {"pk": 20, "model": "carreteras.estado", "fields": {"nombre": "OAXACA"}}, {"pk": 21, "model": "carreteras.estado", "fields": {"nombre": "PUEBLA"}}, {"pk": 22, "model": "carreteras.estado", "fields": {"nombre": "QUERETARO"}}, {"pk": 23, "model": "carreteras.estado", "fields": {"nombre": "QUINTANA ROO"}}, {"pk": 24, "model": "carreteras.estado", "fields": {"nombre": "SAN LUIS POTOSI"}}, {"pk": 25, "model": "carreteras.estado", "fields": {"nombre": "SINALOA"}}, {"pk": 26, "model": "carreteras.estado", "fields": {"nombre": "SONORA"}}, {"pk": 27, "model": "carreteras.estado", "fields": {"nombre": "TABASCO"}}, {"pk": 28, "model": "carreteras.estado", "fields": {"nombre": "TAMAULIPAS"}}, {"pk": 29, "model": "carreteras.estado", "fields": {"nombre": "TLAXCALA"}}, {"pk": 30, "model": "carreteras.estado", "fields": {"nombre": "VERACRUZ"}}, {"pk": 31, "model": "carreteras.estado", "fields": {"nombre": "YUCATAN"}}, {"pk": 32, "model": "carreteras.estado", "fields": {"nombre": "ZACATECAS"}}, {"pk": 1, "model": "carreteras.municipio", "fields": {"nombre": "Aguascalientes", "estado": 1}}, {"pk": 2, "model": "carreteras.municipio", "fields": {"nombre": "Asientos", "estado": 1}}, {"pk": 3, "model": "carreteras.municipio", "fields": {"nombre": "Calvillo", "estado": 1}}, {"pk": 4, "model": "carreteras.municipio", "fields": {"nombre": "Cosio", "estado": 1}}, {"pk": 5, "model": "carreteras.municipio", "fields": {"nombre": "El Llano", "estado": 1}}, {"pk": 6, "model": "carreteras.municipio", "fields": {"nombre": "Jes\u00fas Mar\u00eda", "estado": 1}}, {"pk": 7, "model": "carreteras.municipio", "fields": {"nombre": "Pabell\u00f3n de Arteaga", "estado": 1}}, {"pk": 8, "model": "carreteras.municipio", "fields": {"nombre": "Rinc\u00f3n de Romos", "estado": 1}}, {"pk": 9, "model": "carreteras.municipio", "fields": {"nombre": "San Francisco de Los Romo", "estado": 1}}, {"pk": 10, "model": "carreteras.municipio", "fields": {"nombre": "San Jos\u00e9 de Gracia", "estado": 1}}, {"pk": 11, "model": "carreteras.municipio", "fields": {"nombre": "Tepezal\u00e1", "estado": 1}}, {"pk": 12, "model": "carreteras.municipio", "fields": {"nombre": "Ensenada", "estado": 2}}, {"pk": 13, "model": "carreteras.municipio", "fields": {"nombre": "Mexicali", "estado": 2}}, {"pk": 14, "model": "carreteras.municipio", "fields": {"nombre": "Playas de Rosarito", "estado": 2}}, {"pk": 15, "model": "carreteras.municipio", "fields": {"nombre": "Tecate", "estado": 2}}, {"pk": 16, "model": "carreteras.municipio", "fields": {"nombre": "Tijuana", "estado": 2}}, {"pk": 17, "model": "carreteras.municipio", "fields": {"nombre": "Comond\u00fa", "estado": 3}}, {"pk": 18, "model": "carreteras.municipio", "fields": {"nombre": "La Paz", "estado": 3}}, {"pk": 19, "model": "carreteras.municipio", "fields": {"nombre": "Loreto", "estado": 3}}, {"pk": 20, "model": "carreteras.municipio", "fields": {"nombre": "Los Cabos", "estado": 3}}, {"pk": 21, "model": "carreteras.municipio", "fields": {"nombre": "Muleg\u00e9", "estado": 3}}, {"pk": 22, "model": "carreteras.municipio", "fields": {"nombre": "Calakmul", "estado": 4}}, {"pk": 23, "model": "carreteras.municipio", "fields": {"nombre": "Calkin\u00ed", "estado": 4}}, {"pk": 24, "model": "carreteras.municipio", "fields": {"nombre": "Campeche", "estado": 4}}, {"pk": 25, "model": "carreteras.municipio", "fields": {"nombre": "Candelaria", "estado": 4}}, {"pk": 26, "model": "carreteras.municipio", "fields": {"nombre": "Carmen", "estado": 4}}, {"pk": 27, "model": "carreteras.municipio", "fields": {"nombre": "Champot\u00f3n", "estado": 4}}, {"pk": 28, "model": "carreteras.municipio", "fields": {"nombre": "Esc\u00e1rcega", "estado": 4}}, {"pk": 29, "model": "carreteras.municipio", "fields": {"nombre": "Hecelchak\u00e1n", "estado": 4}}, {"pk": 30, "model": "carreteras.municipio", "fields": {"nombre": "Hopelch\u00e9n", "estado": 4}}, {"pk": 31, "model": "carreteras.municipio", "fields": {"nombre": "Palizada", "estado": 4}}, {"pk": 32, "model": "carreteras.municipio", "fields": {"nombre": "Tenabo", "estado": 4}}, {"pk": 33, "model": "carreteras.municipio", "fields": {"nombre": "Alvaro Obreg\u00f3n", "estado": 9}}, {"pk": 34, "model": "carreteras.municipio", "fields": {"nombre": "Azcapotzalco", "estado": 9}}, {"pk": 35, "model": "carreteras.municipio", "fields": {"nombre": "Benito Ju\u00e1rez", "estado": 9}}, {"pk": 36, "model": "carreteras.municipio", "fields": {"nombre": "Coyoac\u00e1n", "estado": 9}}, {"pk": 37, "model": "carreteras.municipio", "fields": {"nombre": "Cuajimalpa de Morelos", "estado": 9}}, {"pk": 38, "model": "carreteras.municipio", "fields": {"nombre": "Cuauht\u00e9moc", "estado": 9}}, {"pk": 39, "model": "carreteras.municipio", "fields": {"nombre": "Gustavo A. Madero", "estado": 9}}, {"pk": 40, "model": "carreteras.municipio", "fields": {"nombre": "Iztacalco", "estado": 9}}, {"pk": 41, "model": "carreteras.municipio", "fields": {"nombre": "Iztapalapa", "estado": 9}}, {"pk": 42, "model": "carreteras.municipio", "fields": {"nombre": "La Magdalena Contreras", "estado": 9}}, {"pk": 43, "model": "carreteras.municipio", "fields": {"nombre": "Miguel Hidalgo", "estado": 9}}, {"pk": 44, "model": "carreteras.municipio", "fields": {"nombre": "Milpa Alta", "estado": 9}}, {"pk": 45, "model": "carreteras.municipio", "fields": {"nombre": "Tl\u00e1huac", "estado": 9}}, {"pk": 46, "model": "carreteras.municipio", "fields": {"nombre": "Tlalpan", "estado": 9}}, {"pk": 47, "model": "carreteras.municipio", "fields": {"nombre": "Venustiano Carranza", "estado": 9}}, {"pk": 48, "model": "carreteras.municipio", "fields": {"nombre": "Xochimilco", "estado": 9}}, {"pk": 1, "model": "carreteras.localidad", "fields": {"nombre": "Localidad A", "municipio": 1}}, {"pk": 2, "model": "carreteras.localidad", "fields": {"nombre": "Localidad B", "municipio": 1}}, {"pk": 3, "model": "carreteras.localidad", "fields": {"nombre": "Localidad C", "municipio": 1}}, {"pk": 4, "model": "carreteras.localidad", "fields": {"nombre": "Localidad D", "municipio": 2}}, {"pk": 5, "model": "carreteras.localidad", "fields": {"nombre": "Localidad E", "municipio": 2}}, {"pk": 1, "model": "carreteras.ruta", "fields": {"nombre": "Ruta 1", "numero": 1}}, {"pk": 2, "model": "carreteras.ruta", "fields": {"nombre": "Ruta 2", "numero": 2}}, {"pk": 1, "model": "carreteras.corredor", "fields": {"nombre": "Corredor A", "numero": 1}}, {"pk": 2, "model": "carreteras.corredor", "fields": {"nombre": "Corredor B", "numero": 2}}, {"pk": 1, "model": "carreteras.carretera", "fields": {"nombre": "Carretera 1", "ruta": 1, "fecha_modificacion": "2010-11-14 23:55:39", "identificador_nacional": "1"}}, {"pk": 2, "model": "carreteras.carretera", "fields": {"nombre": "Carretera 2", "ruta": 1, "fecha_modificacion": "2010-11-14 23:56:22", "identificador_nacional": "2"}}, {"pk": 3, "model": "carreteras.carretera", "fields": {"nombre": "Carretera 3", "ruta": 2, "fecha_modificacion": "2010-11-14 23:56:35", "identificador_nacional": "3"}}, {"pk": 4, "model": "carreteras.carretera", "fields": {"nombre": "Carretera 4", "ruta": 2, "fecha_modificacion": "2010-11-14 23:56:43", "identificador_nacional": "4"}}, {"pk": 5, "model": "carreteras.carretera", "fields": {"nombre": "Carretera 5", "ruta": 2, "fecha_modificacion": "2010-11-14 23:56:50", "identificador_nacional": "5"}}, {"pk": 1, "model": "carreteras.tramo", "fields": {"cuerpos": 1, "tipo_red": "C", "latitud_fin": "0", "latitud_inicio": "0", "carriles": 4, "longitud_fin": "0", "corredor": 1, "destino": "Destino A", "origen": "Origen A", "km_fin": "120", "longitud_inicio": "0", "localidad": 1, "nombre": "Tramo 1", "estados": [1], "km_inicio": "0", "municipios": [1, 2], "fecha_modificacion": "2010-11-14 23:58:16", "carretera": 1}}, {"pk": 2, "model": "carreteras.tramo", "fields": {"cuerpos": 1, "tipo_red": "S", "latitud_fin": "0", "latitud_inicio": "0", "carriles": 2, "longitud_fin": "0", "corredor": 1, "destino": "Destino B", "origen": "Origen B", "km_fin": "160", "longitud_inicio": "0", "localidad": 2, "nombre": "Tramo 2", "estados": [1], "km_inicio": "120", "municipios": [2], "fecha_modificacion": "2010-11-14 23:59:04", "carretera": 1}}]