[{"pk": 1, "model": "carreteras.estado", "fields": {"nombre": "AGUASCALIENTES"}}, {"pk": 2, "model": "carreteras.estado", "fields": {"nombre": "BAJA CALIFORNIA"}}, {"pk": 3, "model": "carreteras.estado", "fields": {"nombre": "BAJA CALIFORNIA SUR"}}, {"pk": 4, "model": "carreteras.estado", "fields": {"nombre": "CAMPECHE"}}, {"pk": 5, "model": "carreteras.estado", "fields": {"nombre": "COAHUILA"}}, {"pk": 6, "model": "carreteras.estado", "fields": {"nombre": "COLIMA"}}, {"pk": 7, "model": "carreteras.estado", "fields": {"nombre": "CHIAPAS"}}, {"pk": 8, "model": "carreteras.estado", "fields": {"nombre": "CHIHUAHUA"}}, {"pk": 9, "model": "carreteras.estado", "fields": {"nombre": "DISTRITO FEDERAL"}}, {"pk": 10, "model": "carreteras.estado", "fields": {"nombre": "DURANGO"}}, {"pk": 11, "model": "carreteras.estado", "fields": {"nombre": "GUANAJUATO"}}, {"pk": 12, "model": "carreteras.estado", "fields": {"nombre": "GUERRERO"}}, {"pk": 13, "model": "carreteras.estado", "fields": {"nombre": "HIDALGO"}}, {"pk": 14, "model": "carreteras.estado", "fields": {"nombre": "JALISCO"}}, {"pk": 15, "model": "carreteras.estado", "fields": {"nombre": "MEXICO"}}, {"pk": 16, "model": "carreteras.estado", "fields": {"nombre": "MICHOACAN"}}, {"pk": 17, "model": "carreteras.estado", "fields": {"nombre": "MORELOS"}}, {"pk": 18, "model": "carreteras.estado", "fields": {"nombre": "NAYARIT"}}, {"pk": 19, "model": "carreteras.estado", "fields": {"nombre": "NUEVO LEON"}}, {"pk": 20, "model": "carreteras.estado", "fields": {"nombre": "OAXACA"}}, {"pk": 21, "model": "carreteras.estado", "fields": {"nombre": "PUEBLA"}}, {"pk": 22, "model": "carreteras.estado", "fields": {"nombre": "QUERETARO"}}, {"pk": 23, "model": "carreteras.estado", "fields": {"nombre": "QUINTANA ROO"}}, {"pk": 24, "model": "carreteras.estado", "fields": {"nombre": "SAN LUIS POTOSI"}}, {"pk": 25, "model": "carreteras.estado", "fields": {"nombre": "SINALOA"}}, {"pk": 26, "model": "carreteras.estado", "fields": {"nombre": "SONORA"}}, {"pk": 27, "model": "carreteras.estado", "fields": {"nombre": "TABASCO"}}, {"pk": 28, "model": "carreteras.estado", "fields": {"nombre": "TAMAULIPAS"}}, {"pk": 29, "model": "carreteras.estado", "fields": {"nombre": "TLAXCALA"}}, {"pk": 30, "model": "carreteras.estado", "fields": {"nombre": "VERACRUZ"}}, {"pk": 31, "model": "carreteras.estado", "fields": {"nombre": "YUCATAN"}}, {"pk": 32, "model": "carreteras.estado", "fields": {"nombre": "ZACATECAS"}}, {"pk": 1, "model": "carreteras.municipio", "fields": {"nombre": "Aguascalientes", "estado": 1}}, {"pk": 2, "model": "carreteras.municipio", "fields": {"nombre": "Asientos", "estado": 1}}, {"pk": 3, "model": "carreteras.municipio", "fields": {"nombre": "Calvillo", "estado": 1}}, {"pk": 4, "model": "carreteras.municipio", "fields": {"nombre": "Cosio", "estado": 1}}, {"pk": 5, "model": "carreteras.municipio", "fields": {"nombre": "El Llano", "estado": 1}}, {"pk": 6, "model": "carreteras.municipio", "fields": {"nombre": "Jes\u00fas Mar\u00eda", "estado": 1}}, {"pk": 7, "model": "carreteras.municipio", "fields": {"nombre": "Pabell\u00f3n de Arteaga", "estado": 1}}, {"pk": 8, "model": "carreteras.municipio", "fields": {"nombre": "Rinc\u00f3n de Romos", "estado": 1}}, {"pk": 9, "model": "carreteras.municipio", "fields": {"nombre": "San Francisco de Los Romo", "estado": 1}}, {"pk": 10, "model": "carreteras.municipio", "fields": {"nombre": "San Jos\u00e9 de Gracia", "estado": 1}}, {"pk": 11, "model": "carreteras.municipio", "fields": {"nombre": "Tepezal\u00e1", "estado": 1}}, {"pk": 12, "model": "carreteras.municipio", "fields": {"nombre": "Ensenada", "estado": 2}}, {"pk": 13, "model": "carreteras.municipio", "fields": {"nombre": "Mexicali", "estado": 2}}, {"pk": 14, "model": "carreteras.municipio", "fields": {"nombre": "Playas de Rosarito", "estado": 2}}, {"pk": 15, "model": "carreteras.municipio", "fields": {"nombre": "Tecate", "estado": 2}}, {"pk": 16, "model": "carreteras.municipio", "fields": {"nombre": "Tijuana", "estado": 2}}, {"pk": 17, "model": "carreteras.municipio", "fields": {"nombre": "Comond\u00fa", "estado": 3}}, {"pk": 18, "model": "carreteras.municipio", "fields": {"nombre": "La Paz", "estado": 3}}, {"pk": 19, "model": "carreteras.municipio", "fields": {"nombre": "Loreto", "estado": 3}}, {"pk": 20, "model": "carreteras.municipio", "fields": {"nombre": "Los Cabos", "estado": 3}}, {"pk": 21, "model": "carreteras.municipio", "fields": {"nombre": "Muleg\u00e9", "estado": 3}}, {"pk": 22, "model": "carreteras.municipio", "fields": {"nombre": "Calakmul", "estado": 4}}, {"pk": 23, "model": "carreteras.municipio", "fields": {"nombre": "Calkin\u00ed", "estado": 4}}, {"pk": 24, "model": "carreteras.municipio", "fields": {"nombre": "Campeche", "estado": 4}}, {"pk": 25, "model": "carreteras.municipio", "fields": {"nombre": "Candelaria", "estado": 4}}, {"pk": 26, "model": "carreteras.municipio", "fields": {"nombre": "Carmen", "estado": 4}}, {"pk": 27, "model": "carreteras.municipio", "fields": {"nombre": "Champot\u00f3n", "estado": 4}}, {"pk": 28, "model": "carreteras.municipio", "fields": {"nombre": "Esc\u00e1rcega", "estado": 4}}, {"pk": 29, "model": "carreteras.municipio", "fields": {"nombre": "Hecelchak\u00e1n", "estado": 4}}, {"pk": 30, "model": "carreteras.municipio", "fields": {"nombre": "Hopelch\u00e9n", "estado": 4}}, {"pk": 31, "model": "carreteras.municipio", "fields": {"nombre": "Palizada", "estado": 4}}, {"pk": 32, "model": "carreteras.municipio", "fields": {"nombre": "Tenabo", "estado": 4}}, {"pk": 33, "model": "carreteras.municipio", "fields": {"nombre": "Alvaro Obreg\u00f3n", "estado": 9}}, {"pk": 34, "model": "carreteras.municipio", "fields": {"nombre": "Azcapotzalco", "estado": 9}}, {"pk": 35, "model": "carreteras.municipio", "fields": {"nombre": "Benito Ju\u00e1rez", "estado": 9}}, {"pk": 36, "model": "carreteras.municipio", "fields": {"nombre": "Coyoac\u00e1n", "estado": 9}}, {"pk": 37, "model": "carreteras.municipio", "fields": {"nombre": "Cuajimalpa de Morelos", "estado": 9}}, {"pk": 38, "model": "carreteras.municipio", "fields": {"nombre": "Cuauht\u00e9moc", "estado": 9}}, {"pk": 39, "model": "carreteras.municipio", "fields": {"nombre": "Gustavo A. Madero", "estado": 9}}, {"pk": 40, "model": "carreteras.municipio", "fields": {"nombre": "Iztacalco", "estado": 9}}, {"pk": 41, "model": "carreteras.municipio", "fields": {"nombre": "Iztapalapa", "estado": 9}}, {"pk": 42, "model": "carreteras.municipio", "fields": {"nombre": "La Magdalena Contreras", "estado": 9}}, {"pk": 43, "model": "carreteras.municipio", "fields": {"nombre": "Miguel Hidalgo", "estado": 9}}, {"pk": 44, "model": "carreteras.municipio", "fields": {"nombre": "Milpa Alta", "estado": 9}}, {"pk": 45, "model": "carreteras.municipio", "fields": {"nombre": "Tl\u00e1huac", "estado": 9}}, {"pk": 46, "model": "carreteras.municipio", "fields": {"nombre": "Tlalpan", "estado": 9}}, {"pk": 47, "model": "carreteras.municipio", "fields": {"nombre": "Venustiano Carranza", "estado": 9}}, {"pk": 48, "model": "carreteras.municipio", "fields": {"nombre": "Xochimilco", "estado": 9}}, {"pk": 49, "model": "carreteras.municipio", "fields": {"nombre": "Abasolo", "estado": 28}}, {"pk": 50, "model": "carreteras.municipio", "fields": {"nombre": "Aldama", "estado": 28}}, {"pk": 51, "model": "carreteras.municipio", "fields": {"nombre": "Altamira", "estado": 28}}, {"pk": 52, "model": "carreteras.municipio", "fields": {"nombre": "Antiguo Morelos", "estado": 28}}, {"pk": 53, "model": "carreteras.municipio", "fields": {"nombre": "Burgos", "estado": 28}}, {"pk": 54, "model": "carreteras.municipio", "fields": {"nombre": "Bustamante", "estado": 28}}, {"pk": 55, "model": "carreteras.municipio", "fields": {"nombre": "Camargo", "estado": 28}}, {"pk": 56, "model": "carreteras.municipio", "fields": {"nombre": "Casas", "estado": 28}}, {"pk": 57, "model": "carreteras.municipio", "fields": {"nombre": "Ciudad Madero", "estado": 28}}, {"pk": 58, "model": "carreteras.municipio", "fields": {"nombre": "Cruillas", "estado": 28}}, {"pk": 59, "model": "carreteras.municipio", "fields": {"nombre": "G\u00fc\u00e9mez", "estado": 28}}, {"pk": 60, "model": "carreteras.municipio", "fields": {"nombre": "G\u00f3mez Far\u00edas", "estado": 28}}, {"pk": 61, "model": "carreteras.municipio", "fields": {"nombre": "Gonz\u00e1lez", "estado": 28}}, {"pk": 62, "model": "carreteras.municipio", "fields": {"nombre": "Guerrero", "estado": 28}}, {"pk": 63, "model": "carreteras.municipio", "fields": {"nombre": "Gustavo D\u00edaz Ordaz", "estado": 28}}, {"pk": 64, "model": "carreteras.municipio", "fields": {"nombre": "Hidalgo", "estado": 28}}, {"pk": 65, "model": "carreteras.municipio", "fields": {"nombre": "Jaumave", "estado": 28}}, {"pk": 66, "model": "carreteras.municipio", "fields": {"nombre": "Jim\u00e9nez", "estado": 28}}, {"pk": 67, "model": "carreteras.municipio", "fields": {"nombre": "Llera", "estado": 28}}, {"pk": 68, "model": "carreteras.municipio", "fields": {"nombre": "Mainero", "estado": 28}}, {"pk": 69, "model": "carreteras.municipio", "fields": {"nombre": "Matamoros", "estado": 28}}, {"pk": 70, "model": "carreteras.municipio", "fields": {"nombre": "M\u00e9ndez", "estado": 28}}, {"pk": 71, "model": "carreteras.municipio", "fields": {"nombre": "Mier", "estado": 28}}, {"pk": 72, "model": "carreteras.municipio", "fields": {"nombre": "Miguel Alem\u00e1n", "estado": 28}}, {"pk": 73, "model": "carreteras.municipio", "fields": {"nombre": "Miquihuana", "estado": 28}}, {"pk": 74, "model": "carreteras.municipio", "fields": {"nombre": "Nuevo Laredo", "estado": 28}}, {"pk": 75, "model": "carreteras.municipio", "fields": {"nombre": "Nuevo Morelos", "estado": 28}}, {"pk": 76, "model": "carreteras.municipio", "fields": {"nombre": "Ocampo", "estado": 28}}, {"pk": 77, "model": "carreteras.municipio", "fields": {"nombre": "Padilla", "estado": 28}}, {"pk": 78, "model": "carreteras.municipio", "fields": {"nombre": "Palmillas", "estado": 28}}, {"pk": 79, "model": "carreteras.municipio", "fields": {"nombre": "Reynosa", "estado": 28}}, {"pk": 80, "model": "carreteras.municipio", "fields": {"nombre": "R\u00edo Bravo", "estado": 28}}, {"pk": 81, "model": "carreteras.municipio", "fields": {"nombre": "San Carlos", "estado": 28}}, {"pk": 82, "model": "carreteras.municipio", "fields": {"nombre": "San Fernando", "estado": 28}}, {"pk": 83, "model": "carreteras.municipio", "fields": {"nombre": "San Nicol\u00e1s", "estado": 28}}, {"pk": 84, "model": "carreteras.municipio", "fields": {"nombre": "Soto la Marina", "estado": 28}}, {"pk": 85, "model": "carreteras.municipio", "fields": {"nombre": "Tampico", "estado": 28}}, {"pk": 86, "model": "carreteras.municipio", "fields": {"nombre": "Tula", "estado": 28}}, {"pk": 87, "model": "carreteras.municipio", "fields": {"nombre": "Valle Hermoso", "estado": 28}}, {"pk": 88, "model": "carreteras.municipio", "fields": {"nombre": "Victoria", "estado": 28}}, {"pk": 89, "model": "carreteras.municipio", "fields": {"nombre": "Villagr\u00e1n", "estado": 28}}, {"pk": 90, "model": "carreteras.municipio", "fields": {"nombre": "Xicot\u00e9ncatl", "estado": 28}}, {"pk": 91, "model": "carreteras.municipio", "fields": {"nombre": "Abasolo", "estado": 5}}, {"pk": 92, "model": "carreteras.municipio", "fields": {"nombre": "Acu\u00f1a", "estado": 5}}, {"pk": 93, "model": "carreteras.municipio", "fields": {"nombre": "Allende", "estado": 5}}, {"pk": 94, "model": "carreteras.municipio", "fields": {"nombre": "Arteaga", "estado": 5}}, {"pk": 95, "model": "carreteras.municipio", "fields": {"nombre": "Candela", "estado": 5}}, {"pk": 96, "model": "carreteras.municipio", "fields": {"nombre": "Casta\u00f1os", "estado": 5}}, {"pk": 97, "model": "carreteras.municipio", "fields": {"nombre": "Cuatro ci\u00e9negas", "estado": 5}}, {"pk": 98, "model": "carreteras.municipio", "fields": {"nombre": "Escobedo", "estado": 5}}, {"pk": 99, "model": "carreteras.municipio", "fields": {"nombre": "Francisco I. Madero", "estado": 5}}, {"pk": 100, "model": "carreteras.municipio", "fields": {"nombre": "Frontera", "estado": 5}}, {"pk": 101, "model": "carreteras.municipio", "fields": {"nombre": "General Cepeda", "estado": 5}}, {"pk": 102, "model": "carreteras.municipio", "fields": {"nombre": "Guerrero", "estado": 5}}, {"pk": 103, "model": "carreteras.municipio", "fields": {"nombre": "Hidalgo", "estado": 5}}, {"pk": 104, "model": "carreteras.municipio", "fields": {"nombre": "Jimenez", "estado": 5}}, {"pk": 105, "model": "carreteras.municipio", "fields": {"nombre": "Ju\u00e1rez", "estado": 5}}, {"pk": 106, "model": "carreteras.municipio", "fields": {"nombre": "Lamadrid", "estado": 5}}, {"pk": 107, "model": "carreteras.municipio", "fields": {"nombre": "Matamoros", "estado": 5}}, {"pk": 108, "model": "carreteras.municipio", "fields": {"nombre": "Monclova", "estado": 5}}, {"pk": 109, "model": "carreteras.municipio", "fields": {"nombre": "Morelos", "estado": 5}}, {"pk": 110, "model": "carreteras.municipio", "fields": {"nombre": "M\u00fazquiz", "estado": 5}}, {"pk": 111, "model": "carreteras.municipio", "fields": {"nombre": "Nadadores", "estado": 5}}, {"pk": 112, "model": "carreteras.municipio", "fields": {"nombre": "Nava", "estado": 5}}, {"pk": 113, "model": "carreteras.municipio", "fields": {"nombre": "Ocampo", "estado": 5}}, {"pk": 114, "model": "carreteras.municipio", "fields": {"nombre": "Parras", "estado": 5}}, {"pk": 115, "model": "carreteras.municipio", "fields": {"nombre": "Piedras Negras", "estado": 5}}, {"pk": 116, "model": "carreteras.municipio", "fields": {"nombre": "Progresa", "estado": 5}}, {"pk": 117, "model": "carreteras.municipio", "fields": {"nombre": "Ramos Arizpe", "estado": 5}}, {"pk": 118, "model": "carreteras.municipio", "fields": {"nombre": "Sabinas", "estado": 5}}, {"pk": 119, "model": "carreteras.municipio", "fields": {"nombre": "Sacramento", "estado": 5}}, {"pk": 120, "model": "carreteras.municipio", "fields": {"nombre": "Saltillo", "estado": 5}}, {"pk": 121, "model": "carreteras.municipio", "fields": {"nombre": "San Buenaventura", "estado": 5}}, {"pk": 122, "model": "carreteras.municipio", "fields": {"nombre": "San Juan de Sabinas", "estado": 5}}, {"pk": 123, "model": "carreteras.municipio", "fields": {"nombre": "San Pedro", "estado": 5}}, {"pk": 124, "model": "carreteras.municipio", "fields": {"nombre": "Sierra Mojada", "estado": 5}}, {"pk": 125, "model": "carreteras.municipio", "fields": {"nombre": "Torre\u00f3n", "estado": 5}}, {"pk": 126, "model": "carreteras.municipio", "fields": {"nombre": "Viesca", "estado": 5}}, {"pk": 127, "model": "carreteras.municipio", "fields": {"nombre": "Villa Uni\u00f3n", "estado": 5}}, {"pk": 128, "model": "carreteras.municipio", "fields": {"nombre": "Zaragoza", "estado": 5}}, {"pk": 129, "model": "carreteras.municipio", "fields": {"nombre": "Ahualulco", "estado": 24}}, {"pk": 130, "model": "carreteras.municipio", "fields": {"nombre": "Alaquines", "estado": 24}}, {"pk": 131, "model": "carreteras.municipio", "fields": {"nombre": "Aquism\u00f3n", "estado": 24}}, {"pk": 132, "model": "carreteras.municipio", "fields": {"nombre": "Armadillo de los Infante", "estado": 24}}, {"pk": 133, "model": "carreteras.municipio", "fields": {"nombre": "Axtla de Terrazas", "estado": 24}}, {"pk": 134, "model": "carreteras.municipio", "fields": {"nombre": "C\u00e1rdenas", "estado": 24}}, {"pk": 135, "model": "carreteras.municipio", "fields": {"nombre": "Catorce", "estado": 24}}, {"pk": 136, "model": "carreteras.municipio", "fields": {"nombre": "Cedral", "estado": 24}}, {"pk": 137, "model": "carreteras.municipio", "fields": {"nombre": "Cerritos", "estado": 24}}, {"pk": 138, "model": "carreteras.municipio", "fields": {"nombre": "Cerro de San Pedro", "estado": 24}}, {"pk": 139, "model": "carreteras.municipio", "fields": {"nombre": "Charcas", "estado": 24}}, {"pk": 140, "model": "carreteras.municipio", "fields": {"nombre": "Ciudad del Ma\u00edz", "estado": 24}}, {"pk": 141, "model": "carreteras.municipio", "fields": {"nombre": "Ciudad Fern\u00e1ndez", "estado": 24}}, {"pk": 142, "model": "carreteras.municipio", "fields": {"nombre": "Ciudad  Valles", "estado": 24}}, {"pk": 143, "model": "carreteras.municipio", "fields": {"nombre": "Coxcatl\u00e1n", "estado": 24}}, {"pk": 144, "model": "carreteras.municipio", "fields": {"nombre": "Ebano", "estado": 24}}, {"pk": 145, "model": "carreteras.municipio", "fields": {"nombre": "El Naranjo", "estado": 24}}, {"pk": 146, "model": "carreteras.municipio", "fields": {"nombre": "Guadalc\u00e1zar", "estado": 24}}, {"pk": 147, "model": "carreteras.municipio", "fields": {"nombre": "Huehuetl\u00e1n", "estado": 24}}, {"pk": 148, "model": "carreteras.municipio", "fields": {"nombre": "Lagunillas", "estado": 24}}, {"pk": 149, "model": "carreteras.municipio", "fields": {"nombre": "Matehuala", "estado": 24}}, {"pk": 150, "model": "carreteras.municipio", "fields": {"nombre": "Matlapa", "estado": 24}}, {"pk": 151, "model": "carreteras.municipio", "fields": {"nombre": "Mexquitic de Carmona", "estado": 24}}, {"pk": 152, "model": "carreteras.municipio", "fields": {"nombre": "Moctezuma", "estado": 24}}, {"pk": 153, "model": "carreteras.municipio", "fields": {"nombre": "Ray\u00f3n", "estado": 24}}, {"pk": 154, "model": "carreteras.municipio", "fields": {"nombre": "Rioverde", "estado": 24}}, {"pk": 155, "model": "carreteras.municipio", "fields": {"nombre": "Salinas", "estado": 24}}, {"pk": 156, "model": "carreteras.municipio", "fields": {"nombre": "Amealco de Bonfil", "estado": 22}}, {"pk": 157, "model": "carreteras.municipio", "fields": {"nombre": "Arroyo Seco", "estado": 22}}, {"pk": 158, "model": "carreteras.municipio", "fields": {"nombre": "Cadereyta de Montes", "estado": 22}}, {"pk": 159, "model": "carreteras.municipio", "fields": {"nombre": "Col\u00f3n", "estado": 22}}, {"pk": 160, "model": "carreteras.municipio", "fields": {"nombre": "Corregidora", "estado": 22}}, {"pk": 161, "model": "carreteras.municipio", "fields": {"nombre": "El Marques", "estado": 22}}, {"pk": 162, "model": "carreteras.municipio", "fields": {"nombre": "Ezequiel Montes", "estado": 22}}, {"pk": 163, "model": "carreteras.municipio", "fields": {"nombre": "Huimilpan", "estado": 22}}, {"pk": 164, "model": "carreteras.municipio", "fields": {"nombre": "Jalpan de Serra", "estado": 22}}, {"pk": 165, "model": "carreteras.municipio", "fields": {"nombre": "Landa de Serra", "estado": 22}}, {"pk": 166, "model": "carreteras.municipio", "fields": {"nombre": "Pedro Escobedo", "estado": 22}}, {"pk": 167, "model": "carreteras.municipio", "fields": {"nombre": "Pe\u00f1amiller", "estado": 22}}, {"pk": 168, "model": "carreteras.municipio", "fields": {"nombre": "Pinal de amoles", "estado": 22}}, {"pk": 169, "model": "carreteras.municipio", "fields": {"nombre": "Quer\u00e9taro", "estado": 22}}, {"pk": 170, "model": "carreteras.municipio", "fields": {"nombre": "San Joaqu\u00edn", "estado": 22}}, {"pk": 171, "model": "carreteras.municipio", "fields": {"nombre": "San Juan del Rio", "estado": 22}}, {"pk": 172, "model": "carreteras.municipio", "fields": {"nombre": "Tequisquiapan", "estado": 22}}, {"pk": 173, "model": "carreteras.municipio", "fields": {"nombre": "Tolim\u00e1n", "estado": 22}}, {"pk": 1, "model": "carreteras.localidad", "fields": {"nombre": "Vieja Palestina", "municipio": 104}}, {"pk": 2, "model": "carreteras.localidad", "fields": {"nombre": "Nueva Palestina", "municipio": 104}}, {"pk": 3, "model": "carreteras.localidad", "fields": {"nombre": "Santa Eulalia", "municipio": 92}}, {"pk": 4, "model": "carreteras.localidad", "fields": {"nombre": "Santa Eulalia", "municipio": 123}}, {"pk": 5, "model": "carreteras.localidad", "fields": {"nombre": "El remolino", "municipio": 128}}, {"pk": 6, "model": "carreteras.localidad", "fields": {"nombre": "Santa Ana", "municipio": 127}}, {"pk": 7, "model": "carreteras.localidad", "fields": {"nombre": "Santa Ana", "municipio": 123}}, {"pk": 8, "model": "carreteras.localidad", "fields": {"nombre": "Agujita", "municipio": 118}}, {"pk": 9, "model": "carreteras.localidad", "fields": {"nombre": "San Juan de Sabinas", "municipio": 122}}, {"pk": 10, "model": "carreteras.localidad", "fields": {"nombre": "Palau", "municipio": 110}}, {"pk": 11, "model": "carreteras.localidad", "fields": {"nombre": "San Jos\u00e9 de Aura", "municipio": 116}}, {"pk": 12, "model": "carreteras.localidad", "fields": {"nombre": "El S\u00e1uz", "municipio": 120}}, {"pk": 13, "model": "carreteras.localidad", "fields": {"nombre": "El Potrero", "municipio": 108}}, {"pk": 14, "model": "carreteras.localidad", "fields": {"nombre": "San Alberto", "municipio": 116}}, {"pk": 2, "model": "carreteras.ruta", "fields": {"nombre": "MEXICO - NUEVO LAREDO", "numero": 85}}, {"pk": 3, "model": "carreteras.ruta", "fields": {"nombre": "MEXICO - ACAPULCO", "numero": 95}}, {"pk": 4, "model": "carreteras.ruta", "fields": {"nombre": "TIJUANA - CABO SAN LUCAS", "numero": 1}}, {"pk": 5, "model": "carreteras.ruta", "fields": {"nombre": "TIJUANA - MATAMOROS", "numero": 2}}, {"pk": 6, "model": "carreteras.ruta", "fields": {"nombre": "TECATE - ENSENADA", "numero": 3}}, {"pk": 7, "model": "carreteras.ruta", "fields": {"nombre": "MEXICALI - LAGUNA DE CHAPALA", "numero": 5}}, {"pk": 8, "model": "carreteras.ruta", "fields": {"nombre": "TAMPICO - CIUDAD MANTE", "numero": 8}}, {"pk": 9, "model": "carreteras.ruta", "fields": {"nombre": "CADEREYTA - ALLENDE", "numero": 9}}, {"pk": 10, "model": "carreteras.ruta", "fields": {"nombre": "EL SUECO - NUEVO CASAS GRANDES - JANOS", "numero": 10}}, {"pk": 11, "model": "carreteras.ruta", "fields": {"nombre": "HUEJUTLA - CHICONTEPEC - ALAMO", "numero": 102}}, {"pk": 12, "model": "carreteras.ruta", "fields": {"nombre": "PACHUCA - TAMPICO", "numero": 105}}, {"pk": 13, "model": "carreteras.ruta", "fields": {"nombre": "MEXICO - OAXTEPEC", "numero": 113}}, {"pk": 14, "model": "carreteras.ruta", "fields": {"nombre": "SANTA B\u00c1RBARA - HUAJAP\u00c1N DE LE\u00d3N", "numero": 115}}, {"pk": 15, "model": "carreteras.ruta", "fields": {"nombre": "SAN MART\u00cdN TEXMELUCAN - TLAXCALA", "numero": 117}}, {"pk": 16, "model": "carreteras.ruta", "fields": {"nombre": "PUEBLA - SANTA ANA - APIZACO", "numero": 121}}, {"pk": 17, "model": "carreteras.ruta", "fields": {"nombre": "ATLACOMULCO - MORELIA", "numero": 126}}, {"pk": 18, "model": "carreteras.ruta", "fields": {"nombre": "PIR\u00c1MIDES - TULANCINGO", "numero": 132}}, {"pk": 19, "model": "carreteras.ruta", "fields": {"nombre": "TOLUCA - CIUDAD ALTAMIRANO", "numero": 134}}, {"pk": 20, "model": "carreteras.ruta", "fields": {"nombre": "LOS REYES - ZACATEPEC", "numero": 136}}, {"pk": 21, "model": "carreteras.ruta", "fields": {"nombre": "CUERNAVACA - CUAUTLA", "numero": 138}}, {"pk": 22, "model": "carreteras.ruta", "fields": {"nombre": "MORELIA - URUAP\u00c1N", "numero": 14}}, {"pk": 23, "model": "carreteras.ruta", "fields": {"nombre": "TEXCOCO - ECATEPEC", "numero": 142}}, {"pk": 1, "model": "carreteras.corredor", "fields": {"nombre": "M\u00e9xico \u2013 Nogales con ramal a Tijuana", "numero": 1}}, {"pk": 2, "model": "carreteras.corredor", "fields": {"nombre": "M\u00e9xico\u2013 Nuevo Laredo con ramal a Piedras Negras", "numero": 2}}, {"pk": 3, "model": "carreteras.corredor", "fields": {"nombre": "Quer\u00e9taro \u2013 Ciudad Ju\u00e1rez", "numero": 3}}, {"pk": 4, "model": "carreteras.corredor", "fields": {"nombre": "Acapulco \u2013 Tuxpan", "numero": 4}}, {"pk": 5, "model": "carreteras.corredor", "fields": {"nombre": "Mazatl\u00e1n \u2013 Matamoros", "numero": 5}}, {"pk": 6, "model": "carreteras.corredor", "fields": {"nombre": "Manzanillo \u2013 Tampico con ramal a L\u00e1zaro C\u00e1rdenas y Ecuandureo", "numero": 6}}, {"pk": 7, "model": "carreteras.corredor", "fields": {"nombre": "Acapulco \u2013 Veracruz", "numero": 6}}, {"pk": 8, "model": "carreteras.corredor", "fields": {"nombre": "Veracruz \u2013 Monterrey con ramal a Matamoros", "numero": 8}}, {"pk": 9, "model": "carreteras.corredor", "fields": {"nombre": "Transpeninsular de Baja California", "numero": 9}}, {"pk": 10, "model": "carreteras.corredor", "fields": {"nombre": "Altiplano", "numero": 10}}, {"pk": 11, "model": "carreteras.corredor", "fields": {"nombre": "Puebla \u2013 Progreso", "numero": 11}}, {"pk": 12, "model": "carreteras.corredor", "fields": {"nombre": "Puebla \u2013 Oaxaca \u2013 Ciudad Hidalgo", "numero": 12}}, {"pk": 13, "model": "carreteras.corredor", "fields": {"nombre": "Circuito Tur\u00edstico de la Pen\u00ednsula", "numero": 13}}, {"pk": 14, "model": "carreteras.corredor", "fields": {"nombre": "Peninsular de Yucat\u00e1n", "numero": 14}}, {"pk": 2, "model": "carreteras.carretera", "fields": {"nombre": "MEXICO-PACHUCA", "ruta": 2, "fecha_modificacion": "2010-11-16 13:23:32", "identificador_nacional": "249"}}, {"pk": 3, "model": "carreteras.carretera", "fields": {"nombre": "PACHUCA - CD. VALLES", "ruta": 2, "fecha_modificacion": "2010-11-16 13:24:17", "identificador_nacional": "164"}}, {"pk": 4, "model": "carreteras.carretera", "fields": {"nombre": "CD. VALLES - CD VICTORIA ", "ruta": 2, "fecha_modificacion": "2010-11-16 13:24:57", "identificador_nacional": "104"}}, {"pk": 5, "model": "carreteras.carretera", "fields": {"nombre": "LIBRAMIENTO DE CD. VICTORIA", "ruta": 2, "fecha_modificacion": "2010-11-16 13:25:24", "identificador_nacional": "87"}}, {"pk": 6, "model": "carreteras.carretera", "fields": {"nombre": "CD. VICTORIA - MONTERREY", "ruta": 2, "fecha_modificacion": "2010-11-16 13:25:45", "identificador_nacional": "74"}}, {"pk": 7, "model": "carreteras.carretera", "fields": {"nombre": "MONTERREY - NUEVO LAREDO", "ruta": 2, "fecha_modificacion": "2010-11-16 13:26:17", "identificador_nacional": "70"}}, {"pk": 8, "model": "carreteras.carretera", "fields": {"nombre": "MEXICO - ACAPULCO", "ruta": 3, "fecha_modificacion": "2010-11-16 14:00:38", "identificador_nacional": "289"}}, {"pk": 9, "model": "carreteras.carretera", "fields": {"nombre": "IGUALA - CHILPANCINGO", "ruta": 3, "fecha_modificacion": "2010-11-16 14:02:38", "identificador_nacional": "301"}}, {"pk": 10, "model": "carreteras.carretera", "fields": {"nombre": "CHILPANCINGO - ACAPULCO", "ruta": 3, "fecha_modificacion": "2010-11-16 14:03:00", "identificador_nacional": "302"}}, {"pk": 11, "model": "carreteras.carretera", "fields": {"nombre": "LIBRAMIENTO NORTE DE ACAPULCO", "ruta": 3, "fecha_modificacion": "2010-11-16 14:03:47", "identificador_nacional": "303"}}, {"pk": 12, "model": "carreteras.carretera", "fields": {"nombre": "CHILPANCINGO - EL CARRIZAL", "ruta": 3, "fecha_modificacion": "2010-11-16 14:04:05", "identificador_nacional": "318"}}, {"pk": 1, "model": "carreteras.tramo", "fields": {"cuerpos": 1, "tipo_red": "B", "latitud_fin": "19.8343", "latitud_inicio": "19.5253", "carriles": 2, "longitud_fin": "-98.979", "corredor": null, "destino": "TIZAYUCA", "origen": "MEXICO", "km_fin": "58.18", "longitud_inicio": "-99.0859", "localidad": null, "nombre": "MEXICO - TIZAYUCA II", "estados": [13], "km_inicio": "9.3", "municipios": [], "fecha_modificacion": "2010-11-17 07:50:56", "carretera": 2}}, {"pk": 2, "model": "carreteras.tramo", "fields": {"cuerpos": 1, "tipo_red": "B", "latitud_fin": "20.0577", "latitud_inicio": "19.8343", "carriles": 2, "longitud_fin": "-98.7853", "corredor": null, "destino": "PACHUCA", "origen": "ENTR. TIZAYUCA II", "km_fin": "78.3", "longitud_inicio": "-99.979", "localidad": null, "nombre": "ENTR. TIZAYUCA II - PACHUCA", "estados": [13], "km_inicio": "58", "municipios": [], "fecha_modificacion": "2010-11-17 07:52:54", "carretera": 2}}, {"pk": 3, "model": "carreteras.tramo", "fields": {"cuerpos": 2, "tipo_red": "B", "latitud_fin": "19.6159", "latitud_inicio": "19.6144", "carriles": 4, "longitud_fin": "-98.9998", "corredor": null, "destino": "VENTA DE CARPIO", "origen": "KM 26.9", "km_fin": "2.6", "longitud_inicio": "-99.0316", "localidad": null, "nombre": "PASO POR VTA. DE CARPIO", "estados": [15], "km_inicio": "0", "municipios": [], "fecha_modificacion": "2010-11-17 07:59:37", "carretera": 2}}, {"pk": 4, "model": "carreteras.tramo", "fields": {"cuerpos": 1, "tipo_red": "B", "latitud_fin": "20.485", "latitud_inicio": "20.1176", "carriles": 4, "longitud_fin": "-99.2945", "corredor": null, "destino": "ENT. PORTEZUELO", "origen": "ENT. COLONIA", "km_fin": "81", "longitud_inicio": "-98.8278", "localidad": null, "nombre": "ENT. COLONIA - ENT. PORTEZUELO", "estados": [13], "km_inicio": "0", "municipios": [], "fecha_modificacion": "2010-11-17 08:06:57", "carretera": 3}}, {"pk": 5, "model": "carreteras.tramo", "fields": {"cuerpos": 1, "tipo_red": "S", "latitud_fin": "21.9654", "latitud_inicio": "20.485", "carriles": 2, "longitud_fin": "-98.9977", "corredor": null, "destino": "CD. VALLES", "origen": "ENT. PORTEZUELO", "km_fin": "378.52", "longitud_inicio": "-99.2945", "localidad": null, "nombre": "ENT. PORTEZUELO - CD. VALLES", "estados": [15, 24], "km_inicio": "81", "municipios": [], "fecha_modificacion": "2010-11-17 08:08:17", "carretera": 3}}, {"pk": 6, "model": "carreteras.tramo", "fields": {"cuerpos": 1, "tipo_red": "S", "latitud_fin": "23.7121", "latitud_inicio": "21.9969", "carriles": 2, "longitud_fin": "-99.1284", "corredor": null, "destino": "CD. VICTORIA", "origen": "CD. VALLES", "km_fin": "226.9", "longitud_inicio": "-99.0096", "localidad": null, "nombre": "CD. VALLES - CD. VICTORIA ", "estados": [24, 28], "km_inicio": "0.72", "municipios": [], "fecha_modificacion": "2010-11-17 00:14:47", "carretera": 4}}, {"pk": 7, "model": "carreteras.tramo", "fields": {"cuerpos": 1, "tipo_red": "S", "latitud_fin": "23.3164", "latitud_inicio": "23.3093", "carriles": 2, "longitud_fin": "-99.0226", "corredor": null, "destino": "LLERA DE CANALES", "origen": "CD. VICTORIA", "km_fin": "1", "longitud_inicio": "-99.0205", "localidad": null, "nombre": "RAMAL ACCESO A LLERA DE CANALES", "estados": [28], "km_inicio": "0", "municipios": [], "fecha_modificacion": "2010-11-17 01:44:25", "carretera": 4}}, {"pk": 8, "model": "carreteras.tramo", "fields": {"cuerpos": 1, "tipo_red": "C", "latitud_fin": "23.7732", "latitud_inicio": "23.6626", "carriles": 2, "longitud_fin": "-99.1669", "corredor": null, "destino": "LIBRAMIENTO DE CD. VICTORIA", "origen": "CD. VICTORIA", "km_fin": "92.65", "longitud_inicio": "-99.0984", "localidad": null, "nombre": "LIBRAMIENTO DE CD. VICTORIA", "estados": [28], "km_inicio": "63.3", "municipios": [], "fecha_modificacion": "2010-11-17 02:25:52", "carretera": 5}}, {"pk": 9, "model": "carreteras.tramo", "fields": {"cuerpos": 1, "tipo_red": "C", "latitud_fin": "25.665", "latitud_inicio": "23.7732", "carriles": 2, "longitud_fin": "-100.2964", "corredor": null, "destino": "MONTERREY", "origen": "CD. VICTORIA", "km_fin": "269", "longitud_inicio": "-99.1371", "localidad": null, "nombre": "CD. VICTORIA - MONTERREY ", "estados": [19, 28], "km_inicio": "3.9", "municipios": [], "fecha_modificacion": "2010-11-17 02:28:44", "carretera": 6}}, {"pk": 10, "model": "carreteras.tramo", "fields": {"cuerpos": 1, "tipo_red": "S", "latitud_fin": "25.9297", "latitud_inicio": "25.8314", "carriles": 2, "longitud_fin": "-100.358", "corredor": null, "destino": "EL CARMEN", "origen": "CD. VICTORIA", "km_fin": "1", "longitud_inicio": "-100.3079", "localidad": null, "nombre": "RAMAL A EL CARMEN", "estados": [28], "km_inicio": "0", "municipios": [], "fecha_modificacion": "2010-11-17 02:31:03", "carretera": 6}}, {"pk": 11, "model": "carreteras.tramo", "fields": {"cuerpos": 1, "tipo_red": "B", "latitud_fin": "25.9559", "latitud_inicio": "25.8405", "carriles": 2, "longitud_fin": "-100.1645", "corredor": null, "destino": "CI\u00c9NEGA DE FLORES", "origen": "MONTERREY", "km_fin": "32", "longitud_inicio": "-100.2494", "localidad": null, "nombre": "MONTERREY - CI\u00c9NEGA DE FLORES", "estados": [28], "km_inicio": "22.74", "municipios": [], "fecha_modificacion": "2010-11-17 07:33:58", "carretera": 7}}, {"pk": 12, "model": "carreteras.tramo", "fields": {"cuerpos": 1, "tipo_red": "B", "latitud_fin": "26.9739", "latitud_inicio": "25.9559", "carriles": 2, "longitud_fin": "-99.772", "corredor": null, "destino": "LA GLORIA", "origen": "CI\u00c9NEGA DE FLORES", "km_fin": "156.57", "longitud_inicio": "-100.1645", "localidad": null, "nombre": "CI\u00c9NEGA DE FLORES - LA GLORIA", "estados": [19], "km_inicio": "36.5", "municipios": [], "fecha_modificacion": "2010-11-17 07:37:54", "carretera": 7}}, {"pk": 13, "model": "carreteras.tramo", "fields": {"cuerpos": 2, "tipo_red": "C", "latitud_fin": "27.4512", "latitud_inicio": "26.9739", "carriles": 4, "longitud_fin": "-99.5178", "corredor": null, "destino": "NUEVO LAREDO", "origen": "LA GLORIA", "km_fin": "214", "longitud_inicio": "-99.772", "localidad": null, "nombre": "LA GLORIA - NUEVO LAREDO", "estados": [19], "km_inicio": "156.57", "municipios": [], "fecha_modificacion": "2010-11-17 07:39:59", "carretera": 7}}, {"pk": 14, "model": "carreteras.tramo", "fields": {"cuerpos": 1, "tipo_red": "B", "latitud_fin": "27.5673", "latitud_inicio": "27.3025", "carriles": 2, "longitud_fin": "-99.589", "corredor": null, "destino": "NUEVO LAREDO", "origen": "km 205+900", "km_fin": "32.2", "longitud_inicio": "-99.5969", "localidad": null, "nombre": "LIBRAMIENTO LAREDO II", "estados": [19], "km_inicio": "0", "municipios": [], "fecha_modificacion": "2010-11-17 07:42:09", "carretera": 7}}, {"pk": 15, "model": "carreteras.tramo", "fields": {"cuerpos": 1, "tipo_red": "B", "latitud_fin": "18.7782", "latitud_inicio": "19.2722", "carriles": 2, "longitud_fin": "-99.2225", "corredor": null, "destino": "T.DER. XOCHITEPEC", "origen": "MEXICO", "km_fin": "71.34", "longitud_inicio": "-99.1641", "localidad": null, "nombre": "M\u00c9XICO - T.DER. XOCHITEPEC", "estados": [12, 17], "km_inicio": "18.7", "municipios": [], "fecha_modificacion": "2010-11-17 08:12:47", "carretera": 8}}]